-- phpMyAdmin SQL Dump
-- version 2.9.2
-- http://www.phpmyadmin.net
-- 
-- Servidor: localhost
-- Tempo de Gera√ß√£o: Ago 14, 2009 as 09:43 PM
-- Vers√£o do Servidor: 5.0.27
-- Vers√£o do PHP: 5.2.9-2
-- 
-- Banco de Dados: `petshopnet_bkp`
-- 

-- --------------------------------------------------------

-- 
-- Estrutura da tabela `autorizacoes`
-- 



-- 
-- Extraindo dados da tabela `autorizacoes`
-- 

INSERT INTO `autorizacoes` (`autorizacoes_id`, `grupos_id`, `users_id`, `modulos_id`, `submodulos_id`, `rotinas_id`, `tipo_autorizacao`) VALUES 
(1098, NULL, 1, 1, NULL, NULL, 2),
(1099, NULL, 1, 3, NULL, NULL, 0),
(1100, NULL, 1, 4, NULL, NULL, 0),
(1101, NULL, 1, 5, NULL, NULL, 0),
(1102, NULL, 1, 6, NULL, NULL, 0),
(1103, NULL, 1, 7, NULL, NULL, 0),
(1104, NULL, 1, NULL, 1, NULL, 2),
(1105, NULL, 1, NULL, 2, NULL, 0),
(1106, NULL, 1, NULL, 3, NULL, 0),
(1107, NULL, 1, NULL, 4, NULL, 0),
(1108, NULL, 1, NULL, 5, NULL, 0),
(1109, NULL, 1, NULL, 6, NULL, 0),
(1110, NULL, 1, NULL, 7, NULL, 0),
(1111, NULL, 1, NULL, 9, NULL, 0),
(1112, NULL, 1, NULL, 10, NULL, 0),
(1113, NULL, 1, NULL, 11, NULL, 0),
(1114, NULL, 1, NULL, 12, NULL, 0),
(1115, NULL, 1, NULL, 13, NULL, 0),
(1116, NULL, 1, NULL, 14, NULL, 0),
(1117, NULL, 1, NULL, 15, NULL, 0),
(2234, 2, NULL, 1, NULL, NULL, 0),
(2235, 2, NULL, 3, NULL, NULL, 2),
(2236, 2, NULL, 4, NULL, NULL, 2),
(2237, 2, NULL, 5, NULL, NULL, 2),
(2238, 2, NULL, 6, NULL, NULL, 0),
(2239, 2, NULL, 7, NULL, NULL, 0),
(2240, 2, NULL, NULL, 1, NULL, 0),
(2241, 2, NULL, NULL, 2, NULL, 0),
(2242, 2, NULL, NULL, 3, NULL, 0),
(2243, 2, NULL, NULL, 4, NULL, 0),
(2244, 2, NULL, NULL, 5, NULL, 0),
(2245, 2, NULL, NULL, 6, NULL, 0),
(2246, 2, NULL, NULL, 7, NULL, 2),
(2247, 2, NULL, NULL, 9, NULL, 2),
(2248, 2, NULL, NULL, 10, NULL, 2),
(2249, 2, NULL, NULL, 11, NULL, 2),
(2250, 2, NULL, NULL, 12, NULL, 2),
(2251, 2, NULL, NULL, 13, NULL, 2),
(2252, 2, NULL, NULL, 14, NULL, 2),
(2253, 2, NULL, NULL, 15, NULL, 2),
(2254, 2, NULL, NULL, 16, NULL, 2),
(2255, 2, NULL, NULL, 17, NULL, 2),
(2256, 2, NULL, NULL, 18, NULL, 0),
(2257, 2, NULL, NULL, NULL, 19, NULL),
(2258, 2, NULL, NULL, NULL, 32, NULL),
(2259, 2, NULL, NULL, NULL, 33, NULL),
(2260, 2, NULL, NULL, NULL, 43, NULL),
(2261, 2, NULL, NULL, NULL, 23, NULL),
(2262, 2, NULL, NULL, NULL, 24, NULL),
(2263, 2, NULL, NULL, NULL, 25, NULL),
(2264, 2, NULL, NULL, NULL, 26, NULL),
(2265, 2, NULL, NULL, NULL, 27, NULL),
(2266, 2, NULL, NULL, NULL, 28, NULL),
(2267, 2, NULL, NULL, NULL, 20, NULL),
(2268, 2, NULL, NULL, NULL, 21, NULL),
(2269, 2, NULL, NULL, NULL, 22, NULL),
(2270, 2, NULL, NULL, NULL, 34, NULL),
(2271, 2, NULL, NULL, NULL, 35, NULL),
(2272, 2, NULL, NULL, NULL, 36, NULL),
(2273, 2, NULL, NULL, NULL, 37, NULL),
(2274, 2, NULL, NULL, NULL, 39, NULL),
(2275, 2, NULL, NULL, NULL, 40, NULL),
(2276, 2, NULL, NULL, NULL, 41, NULL),
(2277, 2, NULL, NULL, NULL, 42, NULL),
(2278, 2, NULL, NULL, NULL, 29, NULL),
(2279, 2, NULL, NULL, NULL, 30, NULL),
(2280, 2, NULL, NULL, NULL, 31, NULL),
(2281, 2, NULL, NULL, NULL, 46, NULL),
(2282, 2, NULL, NULL, NULL, 47, NULL),
(2283, 2, NULL, NULL, NULL, 48, NULL),
(2284, 2, NULL, NULL, NULL, 50, NULL),
(2285, 2, NULL, NULL, NULL, 51, NULL),
(2286, 2, NULL, NULL, NULL, 52, NULL),
(2287, 2, NULL, NULL, NULL, 53, NULL),
(2288, 2, NULL, NULL, NULL, 54, NULL),
(2289, 3, NULL, 1, NULL, NULL, 0),
(2290, 3, NULL, 3, NULL, NULL, 0),
(2291, 3, NULL, 4, NULL, NULL, 0),
(2292, 3, NULL, 5, NULL, NULL, 2),
(2293, 3, NULL, 6, NULL, NULL, 0),
(2294, 3, NULL, 7, NULL, NULL, 0),
(2295, 3, NULL, NULL, 1, NULL, 0),
(2296, 3, NULL, NULL, 2, NULL, 0),
(2297, 3, NULL, NULL, 3, NULL, 0),
(2298, 3, NULL, NULL, 4, NULL, 0),
(2299, 3, NULL, NULL, 5, NULL, 0),
(2300, 3, NULL, NULL, 6, NULL, 0),
(2301, 3, NULL, NULL, 7, NULL, 0),
(2302, 3, NULL, NULL, 9, NULL, 0),
(2303, 3, NULL, NULL, 10, NULL, 0),
(2304, 3, NULL, NULL, 11, NULL, 0),
(2305, 3, NULL, NULL, 12, NULL, 0),
(2306, 3, NULL, NULL, 13, NULL, 0),
(2307, 3, NULL, NULL, 14, NULL, 0),
(2308, 3, NULL, NULL, 15, NULL, 0),
(2309, 3, NULL, NULL, 16, NULL, 0),
(2310, 3, NULL, NULL, 17, NULL, 0),
(2311, 3, NULL, NULL, 18, NULL, 2),
(3068, 1, NULL, 1, NULL, NULL, 2),
(3069, 1, NULL, 3, NULL, NULL, 2),
(3070, 1, NULL, 4, NULL, NULL, 2),
(3071, 1, NULL, 5, NULL, NULL, 2),
(3072, 1, NULL, 6, NULL, NULL, 2),
(3073, 1, NULL, 7, NULL, NULL, 2),
(3074, 1, NULL, NULL, 1, NULL, 2),
(3075, 1, NULL, NULL, 2, NULL, 2),
(3076, 1, NULL, NULL, 3, NULL, 2),
(3077, 1, NULL, NULL, 4, NULL, 2),
(3078, 1, NULL, NULL, 5, NULL, 2),
(3079, 1, NULL, NULL, 6, NULL, 2),
(3080, 1, NULL, NULL, 7, NULL, 2),
(3081, 1, NULL, NULL, 9, NULL, 2),
(3082, 1, NULL, NULL, 10, NULL, 2),
(3083, 1, NULL, NULL, 11, NULL, 2),
(3084, 1, NULL, NULL, 12, NULL, 2),
(3085, 1, NULL, NULL, 13, NULL, 2),
(3086, 1, NULL, NULL, 14, NULL, 2),
(3087, 1, NULL, NULL, 27, NULL, 2),
(3088, 1, NULL, NULL, 15, NULL, 2),
(3089, 1, NULL, NULL, 16, NULL, 2),
(3090, 1, NULL, NULL, 17, NULL, 2),
(3091, 1, NULL, NULL, 19, NULL, 2),
(3092, 1, NULL, NULL, 20, NULL, 2),
(3093, 1, NULL, NULL, 21, NULL, 2),
(3094, 1, NULL, NULL, 24, NULL, 2),
(3095, 1, NULL, NULL, 22, NULL, 2),
(3096, 1, NULL, NULL, 23, NULL, 2),
(3097, 1, NULL, NULL, 25, NULL, 2),
(3098, 1, NULL, NULL, 26, NULL, 2),
(3099, 1, NULL, NULL, NULL, 1, NULL),
(3100, 1, NULL, NULL, NULL, 3, NULL),
(3101, 1, NULL, NULL, NULL, 4, NULL),
(3102, 1, NULL, NULL, NULL, 5, NULL),
(3103, 1, NULL, NULL, NULL, 55, NULL),
(3104, 1, NULL, NULL, NULL, 73, NULL),
(3105, 1, NULL, NULL, NULL, 6, NULL),
(3106, 1, NULL, NULL, NULL, 7, NULL),
(3107, 1, NULL, NULL, NULL, 8, NULL),
(3108, 1, NULL, NULL, NULL, 9, NULL),
(3109, 1, NULL, NULL, NULL, 13, NULL),
(3110, 1, NULL, NULL, NULL, 14, NULL),
(3111, 1, NULL, NULL, NULL, 15, NULL),
(3112, 1, NULL, NULL, NULL, 10, NULL),
(3113, 1, NULL, NULL, NULL, 11, NULL),
(3114, 1, NULL, NULL, NULL, 12, NULL),
(3115, 1, NULL, NULL, NULL, 2, NULL),
(3116, 1, NULL, NULL, NULL, 16, NULL),
(3117, 1, NULL, NULL, NULL, 17, NULL),
(3118, 1, NULL, NULL, NULL, 18, NULL),
(3119, 1, NULL, NULL, NULL, 49, NULL),
(3120, 1, NULL, NULL, NULL, 19, NULL),
(3121, 1, NULL, NULL, NULL, 32, NULL),
(3122, 1, NULL, NULL, NULL, 33, NULL),
(3123, 1, NULL, NULL, NULL, 43, NULL),
(3124, 1, NULL, NULL, NULL, 23, NULL),
(3125, 1, NULL, NULL, NULL, 24, NULL),
(3126, 1, NULL, NULL, NULL, 25, NULL),
(3127, 1, NULL, NULL, NULL, 26, NULL),
(3128, 1, NULL, NULL, NULL, 27, NULL),
(3129, 1, NULL, NULL, NULL, 28, NULL),
(3130, 1, NULL, NULL, NULL, 20, NULL),
(3131, 1, NULL, NULL, NULL, 21, NULL),
(3132, 1, NULL, NULL, NULL, 22, NULL),
(3133, 1, NULL, NULL, NULL, 34, NULL),
(3134, 1, NULL, NULL, NULL, 35, NULL),
(3135, 1, NULL, NULL, NULL, 36, NULL),
(3136, 1, NULL, NULL, NULL, 37, NULL),
(3137, 1, NULL, NULL, NULL, 38, NULL),
(3138, 1, NULL, NULL, NULL, 39, NULL),
(3139, 1, NULL, NULL, NULL, 40, NULL),
(3140, 1, NULL, NULL, NULL, 41, NULL),
(3141, 1, NULL, NULL, NULL, 42, NULL),
(3142, 1, NULL, NULL, NULL, 75, NULL),
(3143, 1, NULL, NULL, NULL, 76, NULL),
(3144, 1, NULL, NULL, NULL, 77, NULL),
(3145, 1, NULL, NULL, NULL, 78, NULL),
(3146, 1, NULL, NULL, NULL, 29, NULL),
(3147, 1, NULL, NULL, NULL, 30, NULL),
(3148, 1, NULL, NULL, NULL, 31, NULL),
(3149, 1, NULL, NULL, NULL, 44, NULL),
(3150, 1, NULL, NULL, NULL, 45, NULL),
(3151, 1, NULL, NULL, NULL, 46, NULL),
(3152, 1, NULL, NULL, NULL, 47, NULL),
(3153, 1, NULL, NULL, NULL, 48, NULL),
(3154, 1, NULL, NULL, NULL, 50, NULL),
(3155, 1, NULL, NULL, NULL, 51, NULL),
(3156, 1, NULL, NULL, NULL, 52, NULL),
(3157, 1, NULL, NULL, NULL, 53, NULL),
(3158, 1, NULL, NULL, NULL, 54, NULL),
(3159, 1, NULL, NULL, NULL, 57, NULL),
(3160, 1, NULL, NULL, NULL, 58, NULL),
(3161, 1, NULL, NULL, NULL, 59, NULL),
(3162, 1, NULL, NULL, NULL, 60, NULL),
(3163, 1, NULL, NULL, NULL, 61, NULL),
(3164, 1, NULL, NULL, NULL, 62, NULL),
(3165, 1, NULL, NULL, NULL, 63, NULL),
(3166, 1, NULL, NULL, NULL, 64, NULL),
(3167, 1, NULL, NULL, NULL, 65, NULL),
(3168, 1, NULL, NULL, NULL, 66, NULL),
(3169, 1, NULL, NULL, NULL, 67, NULL),
(3170, 1, NULL, NULL, NULL, 68, NULL),
(3171, 1, NULL, NULL, NULL, 69, NULL),
(3172, 1, NULL, NULL, NULL, 70, NULL);

-- --------------------------------------------------------

-- 
-- Estrutura da tabela `modulos`
-- 
--
-- Extraindo dados da tabela `modulos`
--

INSERT INTO `modulos` (`modulos_id`, `modulos_nome`, `modulos_descricao`) VALUES
(1, 'Sistema', NULL),
(3, 'Produtos', 'VisualizaÁ„o, cadastro e exclus„o de produtos, categorias e fornecedores'),
(4, 'Taxas', 'MÛdulos de taxas dos produtos.'),
(5, 'Clientes', 'MÛdulo de dados dos clientes e pedidos.'),
(6, 'EstatÌsticas', 'Exibe relatÛrios dos dados coletados no site.'),
(7, 'Ferramentas', 'Gerencia banners e newsletters do site.');

-- --------------------------------------------------------

-- 
-- Estrutura da tabela `rotinas`
-- 


-- 
-- Extraindo dados da tabela `rotinas`
-- 

INSERT INTO `rotinas` (`rotinas_id`, `rotinas_nome`, `rotinas_descricao`, `submodulos_id`, `rotinas_pagina`, `rotinas_quantidade`, `rotinas_visivel`) VALUES 
(1, 'Cadastrar', 'Cadastro de usu√°rios do sistema.', 1, 'usuarios_cadastrar.php', 0, 's'),
(2, 'Cadastrar', 'Cadastro de rotinas dos m√≥dulos.', 5, 'rotinas_cadastrar.php', 0, 's'),
(3, 'Alterar', 'Altera usu√°rios do sistema.', 1, 'usuarios_alterar.php', 1, 's'),
(4, 'Alterar Autoriza√ß√£o', 'Altera autoriza√ß√µes de usu√°rios.', 1, 'autorizacoes_alterar.php', 1, 's'),
(5, 'Excluir', 'Exclui um ou mais usu√°rios do sistema.', 1, 'usuarios_excluir.php', 2, 's'),
(6, 'Cadastrar', 'Cadastra grupos de usu√°rios do sistema.', 2, 'grupos_cadastrar.php', 0, 's'),
(7, 'Alterar', 'Altera grupos de usu√°rios do sistema.', 2, 'grupos_alterar.php', 1, 's'),
(8, 'Alterar Autoriza√ß√£o', 'Altera autoriza√ß√µes de grupos de usu√°rios do sistema.', 2, 'autorizacoes_alterar.php', 1, 's'),
(9, 'Excluir', 'Exclui grupos de usu√°rios do sistema.', 2, 'grupos_excluir.php', 2, 's'),
(10, 'Cadastrar', 'Cadastra m√≥dulos no sistema.', 4, 'modulos_cadastrar.php', 0, 's'),
(11, 'Alterar', 'Altera os m√≥dulos do sistema.', 4, 'modulos_alterar.php', 1, 's'),
(12, 'Excluir', 'Exclui um ou mais m√≥dulos do sistema.', 4, 'modulos_excluir.php', 2, 's'),
(13, 'Cadastrar', 'Cadastra subm√≥dulos no sistema.', 3, 'submodulos_cadastrar.php', 0, 's'),
(14, 'Alterar', 'Altera subm√≥dulos do sistema.', 3, 'submodulos_alterar.php', 1, 's'),
(15, 'Excluir', 'Exclui um ou mais subm√≥dulos do  sistema.', 3, 'submodulos_excluir.php', 2, 's'),
(16, 'Alterar', 'Altera rotinas dos m√≥dulos do sistema.', 5, 'rotinas_alterar.php', 1, 's'),
(17, 'Excluir', 'Exclui uma ou mais rotinas dos subm√≥dulos do sistema.', 5, 'rotinas_excluir.php', 2, 's'),
(18, 'Pesquisar', 'Filtro avan√ßado de Logs.', 6, 'logs_pesquisar.php', 0, 's'),
(19, 'Cadastrar', 'Cadastro de produtos em estoque.', 7, 'produtos_cadastrar.php', 0, 's'),
(20, 'Cadastrar', 'Cadastra os fabricantes dos produtos.', 11, 'fabricantes_cadastrar.php', 0, 's'),
(21, 'Alterar', 'Altera as informa√ß√µes dos fabricantes dos produtos.', 11, 'fabricantes_alterar.php', 1, 's'),
(22, 'Excluir', 'Exclui os fabricantes de produtos.', 11, 'fabricantes_excluir.php', 2, 's'),
(23, 'Cadastrar', 'Cadastra as categorias dos produtos', 9, 'categorias_cadastrar.php', 0, 's'),
(24, 'Alterar', 'Altera as categorias dos produtos.', 9, 'categorias_alterar.php', 1, 's'),
(25, 'Excluir', 'Exclui as categorias dos produtos', 9, 'categorias_excluir.php', 2, 's'),
(26, 'Cadastrar', 'Cadastra atributos de produtos', 10, 'atributos_cadastrar.php', 0, 's'),
(27, 'Alterar', 'Altera os atributos dos produtos.', 10, 'atributos_alterar.php', 1, 's'),
(28, 'Excluir', 'Exclui um ou mais atributos de produtos.', 10, 'atributos_excluir.php', 2, 's'),
(29, 'Cadastrar', 'Cadastra as classes de taxas dos produtos', 15, 'taxas_cadastrar.php', 0, 's'),
(30, 'Alterar', 'Alterar taxas de produtos.', 15, 'taxas_alterar.php', 1, 's'),
(31, 'Excluir', 'Excluir taxas de produtos', 15, 'taxas_excluir.php', 2, 's'),
(32, 'Alterar', 'Altera os dados de um produto.', 7, 'produtos_alterar.php', 1, 's'),
(33, 'Excluir', 'Exclui um ou mais produtos.', 7, 'produtos_excluir.php', 2, 's'),
(34, 'Cadastrar', 'Cadastro de simula√ß√£o de coment√°rio de cliente.\r\n', 12, 'comentarios_cadastrar.php', 0, 's'),
(35, 'Alterar', 'Exclui um coment√°rio de produto.', 12, 'comentarios_alterar.php', 1, 's'),
(36, 'Excluir', 'Exclui um ou mais coment√°rios de produtos.', 12, 'comentarios_excluir.php', 2, 's'),
(37, 'Cadastrar', 'Cadastra as promo√ß√µes de produtos.', 13, 'promocoes_cadastrar.php', 0, 's'),
(38, 'Alterar', 'Altera uma promo√ß√£o.', 13, 'promocoes_alterar.php', 1, 's'),
(39, 'Excluir', 'Exclui uma ou mais promo√ß√µes.', 13, 'promocoes_excluir.php', 2, 's'),
(40, 'Alterar Status', 'Altera o status das prmo√ß√µes', 13, 'promo√ß√µes_alterar_status.php', 0, 'n'),
(41, 'Alterar', 'Altera os valores do produtos', 14, 'produtos_alterar.php', 1, 's'),
(42, 'Excluir', 'Exclui um ou mais produtos', 14, 'produtos_excluir.php', 2, 's'),
(43, 'Alterar Status', 'Altera o status do produto para em estoque ou fora de estoque.', 7, 'produtos_alterar_status.php', 0, 'n'),
(44, 'Cadastrar', 'Cadastro de teste de clientes.', 16, 'clientes_cadastrar.php', 0, 's'),
(45, 'Alterar', 'Altera Informa√ß√µes do cliente.', 16, 'clientes_alterar.php', 1, 's'),
(46, 'Excluir', 'Exclui um ou mais clientes.', 16, 'clientes_excluir.php', 2, 's'),
(47, 'Visualizar', 'Visualiza as informa√ß√µes do cliente.', 16, 'clientes_visualizar.php', 1, 's'),
(48, 'Enviar e-mail', 'Envia e-mails para clientes selecionados.', 16, 'clientes_send_mail.php', 2, 's'),
(49, 'Detalhes', '', 6, 'logs_detalhes.php', 0, 'n'),
(50, 'Pedidos', 'Verificar os pedidos do clientes.', 16, 'pedidos_listar.php', 1, 's'),
(51, 'Alterar', 'Altera as informa√ß√µes dos pedidos dos clientes.', 17, 'pedidos_alterar.php', 1, 's'),
(52, 'Fatura', 'Mostra a fatura dos pedidos.', 17, 'pedidos_fatura.php', 1, 's'),
(53, 'Guia', 'Packing list dos pedidos.', 17, 'pedidos_packing_list.php', 1, 's'),
(54, 'Excluir', 'Exclui um ou mais pedidos de clientes.', 17, 'pedidos_excluir.php', 2, 's'),
(55, 'Alterar Senha', 'Altera√ß√£o do usu√°rio corrente do sistema.', 1, 'senha_alterar.php', 0, 'n'),
(56, 'Alterar', 'Alterar valida√ß√£o de conv√™niados Interodonto', 18, 'conveniados_alterar.php', 1, 's'),
(57, 'Fazer c√≥pia', 'Gera uma c√≥pia do banco de dados.', 22, 'backup_copia.php', 0, 's'),
(58, 'Restaurar do Servidor', 'Restaura o banco de dados a partir de um arquivo de backup localizado no Servidor.', 22, 'backup_restaurar_server.php', 1, 's'),
(59, 'Excluir', 'Excluir um ou mais arquivos de backup.', 22, 'backup_excluir.php', 2, 's'),
(60, 'Restaurar Local', 'Restatura o banco de dados a partir de um arquivo localizado no computador local.', 22, 'backup_restaurar_local.php', 0, 's'),
(61, 'Cadastrar', 'Cadastra os banners que ir√£o apararecer no site.', 23, 'banners_cadastrar.php', 0, 's'),
(62, 'Alterar', 'Altera um banner cadastrado no site.', 23, 'banners_alterar.php', 1, 's'),
(63, 'Alterar Status', 'Altera o status do banner.', 23, 'banners_alterar_status.php', 1, 'n'),
(64, 'Excluir', 'Exclu√≠ um ou mais banners cadastrados.', 23, 'banners_excluir.php', 2, 's'),
(65, 'Cadastrar', 'Cadastra uma nova newsletter.', 25, 'newsletters_cadastrar.php', 0, 's'),
(66, 'Alterar', 'Altera uma newsletter.', 25, 'newsletters_alterar.php', 1, 's'),
(67, 'Pr√©-Visualizar', 'Visualiza uma newsletter.', 25, 'newsletters_visualizar.php', 1, 's'),
(68, 'Enviar', 'Envia a newsletter para um ou mais clientes.', 25, 'newsletters_enviar.php', 1, 's'),
(69, 'Excluir', 'Exclui uma ou mais newsletter.', 25, 'newsletters_excluir.php', 2, 's'),
(70, 'Bloquear/Desbloquear Newsletter', 'Bloqueia ou desbloqueia uma newsletter.', 25, 'newsletters_alterar_status.php', 1, 'n'),
(73, 'Alterar Dados', '', 1, 'dados_alterar.php', 0, 'n'),
(74, 'Detalhes', '', 26, 'whos_detalhes.php', 0, 'n'),
(75, 'Cadastrar', '', 27, 'parceiro_cadastrar.php', 0, 's'),
(76, 'Alterar', '', 27, 'parceiro_alterar.php', 1, 's'),
(77, 'Alterar Status', '', 27, 'parceiro_alterar_status.php', 0, 'n'),
(78, 'Excluir', '', 27, 'parceiros_excluir.php', 2, 's');

-- --------------------------------------------------------

-- 
-- Extraindo dados da tabela `submodulos`
-- 

INSERT INTO `submodulos` (`submodulos_id`, `submodulos_nome`, `submodulos_descricao`, `submodulos_pagina`, `modulos_id`, `submodulos_ordem`) VALUES 
(1, 'Usuarios', '', 'usuarios_listar.php', 1, 1),
(2, 'Grupos', '', 'grupos_listar.php', 1, 2),
(3, 'Subm√≥dulos', 'ubm√≥dulos', 'submodulos_listar.php', 1, 4),
(4, 'M√≥dulos', '', 'modulos_listar.php', 1, 3),
(5, 'Rotinas', '', 'rotinas_listar.php', 1, 5),
(6, 'Logs', '', 'logs_listar.php', 1, 6),
(7, 'Produtos', 'Visualiza√ß√£o e filtro dos produtos cadastrados.', 'produtos_listar.php', 3, 1),
(9, 'Categorias', 'Gerencia as categorias dos produtos.', 'categorias_listar.php', 3, 2),
(10, 'Atributos de produtos', 'Gerencia os atributos dos produtos.', 'atributos_listar.php', 3, 3),
(11, 'Fabricantes', 'Gerencia os fabricantes de produtos.', 'fabricantes_listar.php', 3, 4),
(12, 'Coment√°rios dos clientes', 'Exibe os coment√°rios dos clientes dos produtos.', 'comentarios_listar.php', 3, 5),
(13, 'Promo√ß√µes', 'Gerencia as promo√ß√µes de produtos.', 'promocoes_listar.php', 3, 6),
(14, 'Produtos Esperados', 'Exibe os produtos esperados para estoque.', 'produtos_esperados_listar.php', 3, 7),
(15, 'Classes de taxa', 'Gerencia as taxas de produtos.', 'taxas_listar.php', 4, 1),
(16, 'Clientes', 'gerencia os dados dos clientes.', 'clientes_listar.php', 5, 1),
(17, 'Pedidos', 'Gerencia os pedidos dos clientes.', 'pedidos_listar.php', 5, 2),
(19, 'Produtos Mais Comprados', 'Mostra um relat√≥rio dos produtos mais comprados.', 'produtos_mais_comprados.php', 6, 2),
(20, 'Produtos mais vistos', 'Mostra os produtos mais vistos no site.', 'produtos_vistos_listar.php', 6, 1),
(21, 'Total de pedidos por cliente', 'Relat√≥rio do total de pediso por clientes.', 'pedidos_clientes.php', 6, 3),
(22, 'C√≥pia do Banco de dados', 'Faz c√≥pias do banco de dados para que possa ser restaurado caso seja necess√°rio.', 'backup_listar.php', 7, 1),
(23, 'Gerenciador de Banners', 'Mostra os banners cadastrados.', 'banners_listar.php', 7, 2),
(24, 'Enviar e-mail', 'Faz envio de e-mails para clientes.', 'email_enviar.php', 6, 3),
(25, 'Gerenciador de newsletter', 'Lista as newsletters cadastradas no site.', 'newsletter_listar.php', 7, 4),
(26, 'Quem est√° online?', 'Mostra os atuais clientes online no site.', 'whos_listar.php', 7, 5),
(27, 'Parceiros', 'Parceiros do site', 'parceiros_listar.php', 3, 8);

-- --------------------------------------------------------

-- 
-- Estrutura da tabela `users`
-- 


-- 
-- Extraindo dados da tabela `users`
-- 

INSERT INTO `users` (`users_id`, `users_nome`, `users_senha`, `grupos_id`, `users_email`, `users_cpf`, `users_autorizacao_especial`, `users_primeiro_login`, `users_data_criacao`, `users_data_modificacao`) VALUES 
(1, 'Ana Claudia Nogueira', 'f6efb8b80b052cea58b768646242d07d8dbefd0a', 1, 'anacnogueira@gmail.com', '3308726483030', 0, 0, '2007-09-04 20:57:09', '2009-01-29 17:06:43'),
(2, 'Rodrigo Fernando Bertozzi', '59033478180d07080d5e4f3baa0099996c364162', 1, 'rfbertozzi@uol.com.br', '', NULL, 0, '2009-01-12 14:01:59', '2009-01-12 14:01:59'),
(3, 'Teste', '7c4a8d09ca3762af61e59520943dc26494f8941b', 1, 'anacnogueira83@hotmail.com', '', NULL, 1, '2009-01-29 17:09:04', '2009-01-29 17:09:04');
